{"files":{"index.html":{"frameworks":["LoannBurlot_Portfolio","pg.svg.lib"]}},"open-pages":["index.html"],"urls":{"index.html":{"open-with-wrapper":false,"open-page-views":[{"w":1023,"h":0}]},"Contact.html":{"open-with-wrapper":false,"open-page-views":[{"w":1024,"h":0}]},"generic.html":{"open-with-wrapper":false,"open-page-views":[{"w":1024,"h":0}]},"elements.html":{"open-with-wrapper":false,"open-page-views":[{"w":1024,"h":0}]},"css/theme.css":{"locked":true,"locked_reason":"The stylesheet is generated by the Design panel."},"file:///Users/loannburlot/Desktop/index.html":{"open-with-wrapper":false}},"active-design-provider":"plainhtml","recent-classes":["mp4"],"cs-for-overrides":"assets/css/main.css","breakpoints":["480px","736px","980px","1280px","1680px"],"frameworks":["LoannBurlot_Portfolio","pg.svg.lib"]}